X_COORD,Y_COORD,DISTRICT,CL_DISTRIC,CL_REGION_,PCODE1,PAYS,DATE_CREAT,AUTEUR,MAJ,PCODES,DATE_MAJ,PCODE2,REGION
365514.00000000000,655676.00000000000,LAGUNES,AGBOVILLE,AGBOVILLE,CIV13,COTE D'IVOIRE,2008,CNTIG,OCHA-CI,OCHA-CI,2012,CIV1302,AGNEBY-TIASSA
-15586.00000000000,918344.00000000000,WOROBA,SEGUELA,TOUBA,CIV05,COTE D'IVOIRE,2008,CNTIG,OCHA-CI,OCHA-CI,2012,CIV0502,BAFING
117751.00000000000,1054110.00000000000,SAVANES,KORHOGO,BOUNDIALI,CIV01,COTE D'IVOIRE,2008,CNTIG,OCHA-CI,OCHA-CI,2012,CIV0101,BAGOUE
276962.00000000000,724925.00000000000,LACS,DIMBOKRO,TOUMODI,CIV07,COTE D'IVOIRE,2008,CNTIG,OCHA-CI,OCHA-CI,2012,CIV0702,BELIER
148239.00000000000,893492.00000000000,WOROBA,SEGUELA,MANKONO,CIV05,COTE D'IVOIRE,2008,CNTIG,OCHA-CI,OCHA-CI,2012,CIV0501,BERE
500011.00000000000,1024880.00000000000,ZANZAN,BONDOUKOU,BOUNA,CIV03,COTE D'IVOIRE,2008,CNTIG,OCHA-CI,OCHA-CI,2012,CIV0301,BOUNKANI
3134.35000000000,725452.00000000000,MONTAGNES,MAN,GUIGLO,CIV06,COTE D'IVOIRE,2008,CNTIG,OCHA-CI,OCHA-CI,2012,CIV0603,CAVALLY
384553.00000000000,579681.00000000000,DISTRICT AUTONOME D'ABIDJAN,ABIDJAN,ABIDJAN,CIV14,COTE D'IVOIRE,2008,CNTIG,OCHA-CI,OCHA-CI,2012,CIV1401,DISTRICT AUTONOME D'ABIDJAN
248348.00000000000,754101.00000000000,DISTRICT AUTONOME DE YAMOUSSOUKRO,YAMOUSSOUKRO,YAMOUSSOUKRO,CIV10,COTE D'IVOIRE,2008,CNTIG,OCHA-CI,OCHA-CI,2012,CIV1001,DISTRICT AUTONOME DE YAMOUSSOUKRO
-30194.50000000000,1110290.00000000000,DENGUELE,ODIENNE,MINIGNAN,CIV02,COTE D'IVOIRE,2008,CNTIG,OCHA-CI,OCHA-CI,2012,CIV0201,FOLON
277247.00000000000,852285.00000000000,VALLE DU BANDAMA,BOUAKE,BOUAKE,CIV04,COTE D'IVOIRE,2008,CNTIG,OCHA-CI,OCHA-CI,2012,CIV0402,GBEKE
158076.00000000000,547685.00000000000,BAS-SASSANDRA,SAN PEDRO,SASSANDRA,CIV12,COTE D'IVOIRE,2008,CNTIG,OCHA-CI,OCHA-CI,2012,CIV1203,GBOKLE
174406.00000000000,678471.00000000000,GOH-DJIBOUA,GAGNOA,GAGNOA,CIV11,COTE D'IVOIRE,2008,CNTIG,OCHA-CI,OCHA-CI,2012,CIV1101,GOH
522349.00000000000,889199.00000000000,ZANZAN,BONDOUKOU,BONDOUKOU,CIV03,COTE D'IVOIRE,2008,CNTIG,OCHA-CI,OCHA-CI,2012,CIV0302,GONTOUGO
347277.00000000000,588410.00000000000,LAGUNES,AGBOVILLE,DABOU,CIV13,COTE D'IVOIRE,2008,CNTIG,OCHA-CI,OCHA-CI,2012,CIV1303,GRANDS PONTS
19082.40000000000,747657.00000000000,MONTAGNES,MAN,DUEKOUE,CIV06,COTE D'IVOIRE,2008,CNTIG,OCHA-CI,OCHA-CI,2012,CIV0602,GUEMON
268157.00000000000,900492.00000000000,VALLE DU BANDAMA,BOUAKE,KATIOLA,CIV04,COTE D'IVOIRE,2008,CNTIG,OCHA-CI,OCHA-CI,2012,CIV0401,HAMBOL
118530.00000000000,762640.00000000000,SASSANDRA-MARAHOUE,DALOA,DALOA,CIV08,COTE D'IVOIRE,2008,CNTIG,OCHA-CI,OCHA-CI,2012,CIV0801,HAUT-SASSANDRA
393716.00000000000,779919.00000000000,LACS,DIMBOKRO,DAOUKRO,CIV07,COTE D'IVOIRE,2008,CNTIG,OCHA-CI,OCHA-CI,2012,CIV0701,IFFOU
445495.00000000000,744061.00000000000,COMOE,ABENGOUROU,ABENGOUROU,CIV09,COTE D'IVOIRE,2008,CNTIG,OCHA-CI,OCHA-CI,2012,CIV0901,INDENIE-DJUABLIN
-1213.90000000000,1055780.00000000000,DENGUELE,ODIENNE,ODIENNE,CIV02,COTE D'IVOIRE,2008,CNTIG,OCHA-CI,OCHA-CI,2012,CIV0202,KABADOUGOU
239259.00000000000,646054.00000000000,GOH-DJIBOUA,GAGNOA,DIVO,CIV11,COTE D'IVOIRE,2008,CNTIG,OCHA-CI,OCHA-CI,2012,CIV1102,LOH-DJIBOUA
195787.00000000000,772728.00000000000,SASSANDRA-MARAHOUE,DALOA,BOUAFLE,CIV08,COTE D'IVOIRE,2008,CNTIG,OCHA-CI,OCHA-CI,2012,CIV0802,MARAHOUE
405023.00000000000,675069.00000000000,LAGUNES,AGBOVILLE,ADZOPE,CIV13,COTE D'IVOIRE,2008,CNTIG,OCHA-CI,OCHA-CI,2012,CIV1301,ME
311912.00000000000,734846.00000000000,LACS,DIMBOKRO,DIMBOKRO,CIV07,COTE D'IVOIRE,2008,CNTIG,OCHA-CI,OCHA-CI,2012,CIV0703,N'ZI
101668.00000000000,640169.00000000000,BAS-SASSANDRA,SAN PEDRO,SOUBRE,CIV12,COTE D'IVOIRE,2008,CNTIG,OCHA-CI,OCHA-CI,2012,CIV1201,NAWA
211004.00000000000,1046480.00000000000,SAVANES,KORHOGO,KORHOGO,CIV01,COTE D'IVOIRE,2008,CNTIG,OCHA-CI,OCHA-CI,2012,CIV0102,PORO
98816.20000000000,524250.00000000000,BAS-SASSANDRA,SAN PEDRO,SAN PEDRO,CIV12,COTE D'IVOIRE,2008,CNTIG,OCHA-CI,OCHA-CI,2012,CIV1202,SAN PEDRO
476392.00000000000,604520.00000000000,COMOE,ABENGOUROU,ABOISSO,CIV09,COTE D'IVOIRE,2008,CNTIG,OCHA-CI,OCHA-CI,2012,CIV0902,SUD-COMOE
258597.00000000000,1061810.00000000000,SAVANES,KORHOGO,FERKESSEDOUGOU,CIV01,COTE D'IVOIRE,2008,CNTIG,OCHA-CI,OCHA-CI,2012,CIV0103,TCHOLOGO
-3261.71000000000,820854.00000000000,MONTAGNES,MAN,MAN,CIV06,COTE D'IVOIRE,2008,CNTIG,OCHA-CI,OCHA-CI,2012,CIV0601,TONKPI
95856.80000000000,882094.00000000000,WOROBA,SEGUELA,SEGUELA,CIV05,COTE D'IVOIRE,2008,CNTIG,OCHA-CI,OCHA-CI,2012,CIV0503,WORODOUGOU
